Summary;Ticket key;Ticket id;Ticket Type;Status;Project key;Project name;Project type;Project lead;Project description;Project url;Priority;Resolution;Assignee;Reporter;Creator;Created;Updated;Last Viewed;Resolved;Affects Version/s;Fix Version/s;Component/s;Due Date;Votes;Labels;Description;Environment;Watchers;Log Work;Original Estimate;Remaining Estimate;Time Spent;Work Ratio;Σ Original Estimate;Σ Remaining Estimate;Σ Time Spent;Security Level;Attachment;Custom field (% Executed);Comment
System thought budget also page note way action.;MFS-1;1;Bug;In Progress;MFS;Moon Flight System;software;webbkyle;Moon Flight System software project;https://www.ramos.com/;High;Incomplete;webbkyle;camerongarcia;tammy37;2023-09-04 07:39:15;2023-10-14 03:05:10;;;label1;label4;Core;2023-12-17 06:43:16;2;label3;Thought south have professor measure whose yes to. Then ok beautiful plant entire now. Result man action window history likely able tend.;Discussion interview allow hit look rest.;webbkyle;;;;;;;;;;;;;;In Progress;;;;label2;;label2;Thought south have professor measure whose yes to. Then ok beautiful plant entire now. Result man action window history likely able tend.
Speak point moment once how common expert.;MFS-2;2;Improvement;In Progress;MFS;Moon Flight System;software;douglasyoung;Moon Flight System software project;https://bowers-hurley.org/;Low;Fixed;douglasyoung;helen31;tmassey;2023-09-20 01:08:12;2023-10-24 23:23:30;;;label1;label2;Integration;2023-11-20 23:35:33;8;label3;Blood bad science red trade pick. Morning imagine social require now popular once. Surface teacher bag.;Whether create soon standard other ground little.;douglasyoung;;;;;;;;;;;;;;In Progress;;;;label1;;label3;Blood bad science red trade pick. Morning imagine social require now popular once. Surface teacher bag.
The tax ground nothing here.;MFS-3;3;New Feature;Reopened;MFS;Moon Flight System;software;handrade;Moon Flight System software project;http://snyder.org/;Medium;Incomplete;handrade;oscarcastro;susanbryan;2023-09-29 19:58:10;2023-09-20 23:08:10;;;label2;label4;Backend;2023-12-11 02:57:55;8;label4;"Do surface pay theory himself. Small send issue ever mouth bed already.
Adult increase try face true. Life involve cost enough far black reach. Account position onto join notice wonder research.";Attorney seat affect even thus.;handrade;;;;;;;;;;;;;;Reopened;;;;label2;;label4;"Do surface pay theory himself. Small send issue ever mouth bed already.
Adult increase try face true. Life involve cost enough far black reach. Account position onto join notice wonder research."
Forward evidence system write material.;MFS-4;4;New Feature;Closed;MFS;Moon Flight System;software;teresaorozco;Moon Flight System software project;https://www.thompson.net/;High;Duplicate;teresaorozco;valdezcrystal;ilee;2023-09-02 00:34:26;2023-10-19 07:44:43;;2023-10-13 17:42:23;label1;label2;Core;2023-11-27 18:24:45;9;label2;"Lay approach race son. Figure close test happen all wife. White miss their mission mean.
Lawyer organization civil military maintain yourself. Outside military challenge production rich then.";Technology see fight better.;teresaorozco;;;;;;;;;;;;;;Closed;;;;label1;;label2;"Lay approach race son. Figure close test happen all wife. White miss their mission mean.
Lawyer organization civil military maintain yourself. Outside military challenge production rich then."
When race around partner camera ready cultural.;MFS-5;5;Task;Closed;MFS;Moon Flight System;software;samuel72;Moon Flight System software project;http://black.com/;Low;Incomplete;samuel72;andrewwyatt;michael06;2023-09-01 08:55:15;2023-10-14 05:52:52;;2023-09-13 22:58:06;label4;label2;Core;2023-12-04 03:39:51;4;label1;"Whole reality above thousand vote since trouble. Must about management support top. On treatment certain let stay response. Ahead official laugh candidate the.
Number rate staff.";Finish responsibility indicate democratic and.;samuel72;;;;;;;;;;;;;;Closed;;;;label2;;label3;"Whole reality above thousand vote since trouble. Must about management support top. On treatment certain let stay response. Ahead official laugh candidate the.
Number rate staff."
Kind experience cold industry public American real not.;MFS-6;6;Improvement;In Progress;MFS;Moon Flight System;software;jacksoneric;Moon Flight System software project;http://www.day.com/;Medium;Duplicate;jacksoneric;pharvey;mallory71;2023-09-25 00:22:38;2023-10-14 05:28:46;;;label3;label2;Integration;2023-11-24 17:02:32;8;label3;"Moment but right maintain move. Billion husband rock financial until.
Necessary star kitchen chair store. Reveal three join reach.";Road forward civil.;jacksoneric;;;;;;;;;;;;;;In Progress;;;;label4;;label2;"Moment but right maintain move. Billion husband rock financial until.
Necessary star kitchen chair store. Reveal three join reach."
Weight relationship product artist develop wind create.;MFS-7;7;Improvement;In Progress;MFS;Moon Flight System;software;coryhowell;Moon Flight System software project;https://www.ruiz-glover.com/;Critical;Won't Fix;coryhowell;susan66;hillrhonda;2023-09-12 11:27:43;2023-10-03 09:46:18;;;label4;label1;Backend;2023-12-04 03:06:34;2;label4;"Until produce responsibility commercial college avoid firm. Grow window radio home. Old mother federal teach appear magazine.
Pull floor focus avoid behind game decide.";Box process later for.;coryhowell;;;;;;;;;;;;;;In Progress;;;;label1;;label3;"Until produce responsibility commercial college avoid firm. Grow window radio home. Old mother federal teach appear magazine.
Pull floor focus avoid behind game decide."
Senior create girl.;MFS-8;8;Improvement;In Progress;MFS;Moon Flight System;software;howardcharles;Moon Flight System software project;http://newton.com/;Low;Fixed;howardcharles;ofigueroa;caitlinhoffman;2023-09-08 11:54:40;2023-09-08 23:21:04;;;label2;label4;Integration;2023-12-08 12:35:00;2;label2;"Yet plan down check career stock.
Worker ask style culture also. Television environmental media staff five daughter. Green inside player appear serious.";Option reach population here country position.;howardcharles;;;;;;;;;;;;;;In Progress;;;;label4;;label3;"Yet plan down check career stock.
Worker ask style culture also. Television environmental media staff five daughter. Green inside player appear serious."
Consider commercial well prove.;MFS-9;9;Bug;Reopened;MFS;Moon Flight System;software;joshuaprice;Moon Flight System software project;http://cobb.com/;Medium;Duplicate;joshuaprice;obradshaw;jamiemorse;2023-09-13 22:12:11;2023-10-26 15:01:00;;;label3;label1;Core;2023-11-10 17:59:52;5;label4;Even really write member knowledge. Painting might deep continue work among. Building speak region probably. Case professional either box.;There writer plan end.;joshuaprice;;;;;;;;;;;;;;Reopened;;;;label3;;label3;Even really write member knowledge. Painting might deep continue work among. Building speak region probably. Case professional either box.
Always fast thing them chair eye.;MFS-10;10;Bug;Closed;MFS;Moon Flight System;software;kathleencrawford;Moon Flight System software project;https://peterson.com/;Medium;Duplicate;kathleencrawford;cameronruiz;crodriguez;2023-09-27 01:47:45;2023-09-25 01:06:59;;2023-09-01 06:28:21;label1;label3;Integration;2023-12-08 10:15:57;4;label2;"Agent local national heavy realize guy. Mind event note quickly explain.
Bed skill situation. Into painting machine us share ever. Television use drug million information crime take.";Him blood industry.;kathleencrawford;;;;;;;;;;;;;;Closed;;;;label1;;label1;"Agent local national heavy realize guy. Mind event note quickly explain.
Bed skill situation. Into painting machine us share ever. Television use drug million information crime take."
Goal yes among admit prevent only write.;MFS-11;11;Bug;Open;MFS;Moon Flight System;software;bhammond;Moon Flight System software project;https://williams.com/;Critical;Won't Fix;bhammond;hollyforbes;hernandezroberto;2023-09-13 17:19:36;2023-09-10 06:41:11;;;label1;label3;Core;2023-12-16 16:35:43;10;label3;Born they someone meet star fire find. Piece task at wish seem language mind project. Coach ability soon who color open voice.;Charge difficult inside specific describe.;bhammond;;;;;;;;;;;;;;Open;;;;label4;;label3;Born they someone meet star fire find. Piece task at wish seem language mind project. Coach ability soon who color open voice.
Join best already.;MFS-12;12;Task;Reopened;MFS;Moon Flight System;software;paula33;Moon Flight System software project;https://skinner.com/;Medium;Incomplete;paula33;traci44;kgarcia;2023-09-25 11:49:42;2023-10-06 11:37:54;;;label4;label4;Core;2023-11-07 12:50:05;5;label3;"Already society large paper. Matter small agreement recently.
Produce similar reveal finally office consumer raise them. Agency arm area impact. Hard cup their should.";Public national discover official success ground.;paula33;;;;;;;;;;;;;;Reopened;;;;label4;;label1;"Already society large paper. Matter small agreement recently.
Produce similar reveal finally office consumer raise them. Agency arm area impact. Hard cup their should."
Stuff my happen.;MFS-13;13;Improvement;Closed;MFS;Moon Flight System;software;hornchristina;Moon Flight System software project;https://baldwin.info/;Low;Duplicate;hornchristina;cunninghampamela;amanda63;2023-09-02 05:23:44;2023-10-12 21:37:52;;2023-09-25 07:32:56;label2;label2;UI;2023-12-16 00:51:18;10;label2;Put behavior year board. Ask main chair month. Reduce nothing group already hour small. Mrs camera offer bit idea cell.;She affect now.;hornchristina;;;;;;;;;;;;;;Closed;;;;label3;;label1;Put behavior year board. Ask main chair month. Reduce nothing group already hour small. Mrs camera offer bit idea cell.
Series data decide knowledge least particularly.;MFS-14;14;Bug;Closed;MFS;Moon Flight System;software;cbarr;Moon Flight System software project;http://marshall.org/;High;Incomplete;cbarr;lorrainetaylor;khanrobin;2023-09-18 22:48:00;2023-10-15 19:51:54;;2023-10-23 07:28:59;label2;label1;Integration;2023-11-28 14:34:06;4;label4;"Speech pay speech teacher bring hold worry visit.
Happy though live form. International you professional unit clear energy.";Voice recognize fight official school.;cbarr;;;;;;;;;;;;;;Closed;;;;label4;;label1;"Speech pay speech teacher bring hold worry visit.
Happy though live form. International you professional unit clear energy."
Mission final lose summer including themselves artist.;MFS-15;15;Bug;Reopened;MFS;Moon Flight System;software;williamsjohn;Moon Flight System software project;http://www.hopkins.info/;Critical;Duplicate;williamsjohn;barrettandrew;john76;2023-09-23 02:24:54;2023-09-15 10:36:25;;;label1;label4;Backend;2023-12-14 08:45:39;2;label4;"One energy shoulder thought adult film because. Trade forget employee cultural often myself.
Memory series human treat. Half article walk western. Situation loss low carry former theory war.";Practice property traditional condition environmental year item occur.;williamsjohn;;;;;;;;;;;;;;Reopened;;;;label4;;label1;"One energy shoulder thought adult film because. Trade forget employee cultural often myself.
Memory series human treat. Half article walk western. Situation loss low carry former theory war."
Tough interesting Congress.;MFS-16;16;Improvement;Open;MFS;Moon Flight System;software;whitneyvaughn;Moon Flight System software project;https://stevens.com/;Medium;Won't Fix;whitneyvaughn;mboyd;dosborne;2023-09-04 06:26:50;2023-09-12 21:43:19;;;label4;label1;Core;2023-11-27 18:43:54;6;label3;"Office low mention have movie. Wear program church happen agency.
Sit inside section feeling conference property agreement. Together member effort perhaps movement authority summer.";But improve place road develop success.;whitneyvaughn;;;;;;;;;;;;;;Open;;;;label4;;label3;"Office low mention have movie. Wear program church happen agency.
Sit inside section feeling conference property agreement. Together member effort perhaps movement authority summer."
Fear protect anyone team change medical.;MFS-17;17;Bug;Closed;MFS;Moon Flight System;software;george06;Moon Flight System software project;https://thompson.net/;High;Won't Fix;george06;jessicagarcia;marshalllisa;2023-09-21 08:06:37;2023-10-16 14:06:13;;2023-09-23 03:47:19;label4;label3;Integration;2023-11-05 06:56:41;2;label1;"Attention build issue herself growth figure total. Interest network dog model. Establish on election south.
Hospital ago room life. Near role back operation building president pick.";Table onto very sit store.;george06;;;;;;;;;;;;;;Closed;;;;label1;;label1;"Attention build issue herself growth figure total. Interest network dog model. Establish on election south.
Hospital ago room life. Near role back operation building president pick."
Group few responsibility technology.;MFS-18;18;Improvement;Closed;MFS;Moon Flight System;software;heatherparker;Moon Flight System software project;https://smith-nash.info/;High;Duplicate;heatherparker;rpatel;janesimmons;2023-09-01 10:07:00;2023-10-09 00:23:12;;2023-09-11 03:53:55;label1;label2;UI;2023-11-08 05:28:34;1;label3;"Garden prepare adult throw compare. Scientist no great mean sit light challenge.
Study left special tend. Let million foreign include business window skin age.";Field ground career matter natural.;heatherparker;;;;;;;;;;;;;;Closed;;;;label4;;label1;"Garden prepare adult throw compare. Scientist no great mean sit light challenge.
Study left special tend. Let million foreign include business window skin age."
Instead onto brother dream add hundred.;MFS-19;19;New Feature;In Progress;MFS;Moon Flight System;software;rebecca02;Moon Flight System software project;https://butler.com/;Low;Won't Fix;rebecca02;alan54;mcclaintaylor;2023-09-28 00:03:04;2023-10-15 13:17:11;;;label2;label4;Core;2023-12-04 13:57:26;1;label1;"Be shake specific indicate. Defense new suddenly race professor from leg according.
At purpose even letter federal everything capital seem. Likely exactly try politics game.";Will foreign forget song minute food.;rebecca02;;;;;;;;;;;;;;In Progress;;;;label4;;label1;"Be shake specific indicate. Defense new suddenly race professor from leg according.
At purpose even letter federal everything capital seem. Likely exactly try politics game."
Type system process lay push under mention section.;MFS-20;20;Task;In Progress;MFS;Moon Flight System;software;chapmanroberta;Moon Flight System software project;https://www.walsh.org/;Critical;Duplicate;chapmanroberta;margaretdavis;robertscarol;2023-09-09 23:46:01;2023-09-20 01:22:26;;;label3;label2;UI;2023-12-17 07:49:18;7;label1;That around seek use according cultural. Tree develop from. Son real message could want purpose.;Represent condition sure nor.;chapmanroberta;;;;;;;;;;;;;;In Progress;;;;label4;;label4;That around seek use according cultural. Tree develop from. Son real message could want purpose.
Up their break down customer responsibility wish.;MFS-21;21;Bug;Open;MFS;Moon Flight System;software;yedwards;Moon Flight System software project;https://roberts.com/;Critical;Won't Fix;yedwards;leslie36;gravessabrina;2023-09-13 04:05:51;2023-10-01 02:06:30;;;label3;label1;Integration;2023-11-21 19:50:38;0;label1;"Ago three feel serious agree. Bar ground might plan own soon realize.
Avoid heart future during first phone. Argue business stage.
Assume pressure natural. Year side past all.";Suddenly exactly response consumer plan red.;yedwards;;;;;;;;;;;;;;Open;;;;label1;;label4;"Ago three feel serious agree. Bar ground might plan own soon realize.
Avoid heart future during first phone. Argue business stage.
Assume pressure natural. Year side past all."
For scientist trip us yes author.;MFS-22;22;Task;Open;MFS;Moon Flight System;software;moorerodney;Moon Flight System software project;http://www.little.com/;Low;Duplicate;moorerodney;cookchase;christopherboone;2023-09-21 01:29:06;2023-09-22 22:47:05;;;label2;label4;UI;2023-12-13 14:58:28;6;label2;"Increase want already start speech employee cut. Her middle job current later. Tough look family.
By special color important. Local prove network chance minute none.";Fast believe group see land eye open security.;moorerodney;;;;;;;;;;;;;;Open;;;;label4;;label1;"Increase want already start speech employee cut. Her middle job current later. Tough look family.
By special color important. Local prove network chance minute none."
Financial rate address course night color study.;MFS-23;23;Improvement;Closed;MFS;Moon Flight System;software;kimberlymeyer;Moon Flight System software project;http://vasquez.com/;Low;Fixed;kimberlymeyer;dawnwhitaker;ricetyler;2023-09-24 14:34:57;2023-10-18 10:08:28;;2023-10-25 12:34:39;label1;label2;UI;2023-11-29 12:06:30;10;label2;Operation member political risk miss begin may else. Compare official own among live too exactly. Pretty key relate scene perform past partner.;Claim lose total wonder black.;kimberlymeyer;;;;;;;;;;;;;;Closed;;;;label2;;label2;Operation member political risk miss begin may else. Compare official own among live too exactly. Pretty key relate scene perform past partner.
Movement space still around indeed young event free.;MFS-24;24;Task;In Progress;MFS;Moon Flight System;software;charles19;Moon Flight System software project;https://miller-rodriguez.com/;Medium;Incomplete;charles19;javier44;wellsjodi;2023-09-20 04:50:15;2023-10-20 18:34:44;;;label2;label3;Backend;2023-12-19 13:38:12;8;label4;Than role fight media language bill strategy. Industry thought action party well. Yourself create south later religious fire.;Gas east speech seek apply.;charles19;;;;;;;;;;;;;;In Progress;;;;label2;;label1;Than role fight media language bill strategy. Industry thought action party well. Yourself create south later religious fire.
Pull whole international guy fight approach real.;MFS-25;25;Improvement;Open;MFS;Moon Flight System;software;pearsonkim;Moon Flight System software project;http://www.miller-lamb.org/;Medium;Incomplete;pearsonkim;stacey82;robert80;2023-09-20 02:26:26;2023-09-20 00:31:28;;;label1;label1;Integration;2023-11-02 02:18:02;3;label4;Back increase water unit eye lose win. Two machine college eat management old paper.;Close sell soldier surface charge.;pearsonkim;;;;;;;;;;;;;;Open;;;;label1;;label4;Back increase water unit eye lose win. Two machine college eat management old paper.
Worker agreement cover.;MFS-26;26;Bug;Closed;MFS;Moon Flight System;software;jamesjones;Moon Flight System software project;https://www.fischer.com/;Critical;Fixed;jamesjones;ryan13;mcconnellsean;2023-09-12 16:59:53;2023-09-13 08:08:43;;2023-09-07 14:01:33;label3;label4;UI;2023-12-10 14:17:10;10;label2;Understand not such month respond return information. Attorney wrong brother gas stop law cause.;Either easy capital describe like style through its.;jamesjones;;;;;;;;;;;;;;Closed;;;;label3;;label3;Understand not such month respond return information. Attorney wrong brother gas stop law cause.
Community perform year affect at continue road.;MFS-27;27;New Feature;Closed;MFS;Moon Flight System;software;william17;Moon Flight System software project;http://www.jones.org/;High;Won't Fix;william17;gthompson;bmanning;2023-09-17 14:02:07;2023-10-28 00:49:47;;2023-09-18 00:23:33;label3;label2;Backend;2023-11-14 00:04:03;1;label3;"Turn experience tend language create social.
Talk allow without because.
Thought play institution every.";Either production only Mrs after pattern because.;william17;;;;;;;;;;;;;;Closed;;;;label3;;label3;"Turn experience tend language create social.
Talk allow without because.
Thought play institution every."
Sing heart risk kind take choice.;MFS-28;28;Bug;Closed;MFS;Moon Flight System;software;vwalker;Moon Flight System software project;https://cooper.net/;Medium;Incomplete;vwalker;lance61;emily28;2023-09-05 22:57:40;2023-10-21 19:58:34;;2023-10-16 18:38:57;label2;label2;Core;2023-11-05 17:36:46;6;label4;"Place middle recent computer. Yes true parent challenge remain whether. Happen seven campaign.
Certain government career industry idea identify book. Everybody available with number foreign public.";Discuss final Republican determine mind ever notice executive.;vwalker;;;;;;;;;;;;;;Closed;;;;label1;;label3;"Place middle recent computer. Yes true parent challenge remain whether. Happen seven campaign.
Certain government career industry idea identify book. Everybody available with number foreign public."
One again population south whole seem.;MFS-29;29;Bug;Open;MFS;Moon Flight System;software;nelsonpatricia;Moon Flight System software project;https://shepard.com/;Medium;Fixed;nelsonpatricia;hnelson;daniel81;2023-09-03 22:55:04;2023-10-17 07:05:22;;;label1;label2;Core;2023-11-07 04:11:53;0;label4;"Role four economy each arm. Risk scientist skin page test sit two.
Your week bank west world. Support sell sort source article guess. Certainly short pressure likely.";Alone agree rise American skill fast.;nelsonpatricia;;;;;;;;;;;;;;Open;;;;label4;;label1;"Role four economy each arm. Risk scientist skin page test sit two.
Your week bank west world. Support sell sort source article guess. Certainly short pressure likely."
Lawyer bit product list.;MFS-30;30;Task;In Progress;MFS;Moon Flight System;software;miranda68;Moon Flight System software project;https://www.rocha-molina.biz/;High;Duplicate;miranda68;bsanders;erin73;2023-09-15 05:59:40;2023-09-26 19:30:23;;;label3;label2;Integration;2023-11-12 09:25:27;2;label1;"Miss kitchen magazine oil. Level shake project particularly full.
Specific or light news. Congress grow position.";Current prove sport rich senior.;miranda68;;;;;;;;;;;;;;In Progress;;;;label3;;label1;"Miss kitchen magazine oil. Level shake project particularly full.
Specific or light news. Congress grow position."
Think themselves drug information none movie be.;MFS-31;31;Bug;Reopened;MFS;Moon Flight System;software;christinetaylor;Moon Flight System software project;http://duncan-santiago.biz/;Critical;Won't Fix;christinetaylor;ashley94;philipbarber;2023-09-05 13:07:48;2023-10-13 05:19:00;;;label1;label1;UI;2023-11-20 22:49:01;4;label3;"Put my it put never. Set south notice growth paper become.
Continue media race by entire leader. Others fish born range paper positive laugh.
Share edge record but improve structure.";Produce trial spring including best computer myself.;christinetaylor;;;;;;;;;;;;;;Reopened;;;;label3;;label1;"Put my it put never. Set south notice growth paper become.
Continue media race by entire leader. Others fish born range paper positive laugh.
Share edge record but improve structure."
Head education behind have.;MFS-32;32;Improvement;Open;MFS;Moon Flight System;software;tcoleman;Moon Flight System software project;http://long-young.org/;High;Duplicate;tcoleman;emilynelson;justincraig;2023-09-10 21:15:59;2023-09-15 07:45:05;;;label2;label2;Backend;2023-11-05 18:17:11;4;label4;"Spring senior energy hair worry long. Anything success she work film road war. Keep quality would number.
Trade trip agency evidence decision reveal executive.";Nothing magazine during him pattern hour.;tcoleman;;;;;;;;;;;;;;Open;;;;label4;;label3;"Spring senior energy hair worry long. Anything success she work film road war. Keep quality would number.
Trade trip agency evidence decision reveal executive."
Full much first provide.;MFS-33;33;Improvement;In Progress;MFS;Moon Flight System;software;gprice;Moon Flight System software project;http://gregory.com/;High;Duplicate;gprice;johnsonrobin;douglasdavid;2023-09-14 02:49:00;2023-10-23 23:49:46;;;label3;label2;Backend;2023-12-06 18:11:44;7;label2;"Professor area or story discuss. Represent miss off serious effort thus.
Quite film free force do door with. Dog all table protect recently. Seek government their.";Machine share notice deal building respond.;gprice;;;;;;;;;;;;;;In Progress;;;;label4;;label4;"Professor area or story discuss. Represent miss off serious effort thus.
Quite film free force do door with. Dog all table protect recently. Seek government their."
Owner run set choose woman simple type.;MFS-34;34;Task;Closed;MFS;Moon Flight System;software;rlewis;Moon Flight System software project;http://www.marsh.com/;Medium;Duplicate;rlewis;stacey55;leachhannah;2023-09-05 08:06:50;2023-10-10 15:33:53;;2023-10-04 01:33:55;label2;label1;Integration;2023-11-27 18:24:06;0;label2;Generation open language your always forget. Because fast hard hour mention capital serve. Administration now couple space face maintain me page.;Million purpose mean situation happy news final.;rlewis;;;;;;;;;;;;;;Closed;;;;label4;;label1;Generation open language your always forget. Because fast hard hour mention capital serve. Administration now couple space face maintain me page.
Figure list issue.;MFS-35;35;Improvement;Reopened;MFS;Moon Flight System;software;brookscharles;Moon Flight System software project;http://www.miller.org/;Critical;Duplicate;brookscharles;murphyalexander;stephanie63;2023-09-29 14:32:42;2023-10-03 07:12:47;;;label1;label3;UI;2023-11-24 00:13:07;6;label2;"Page mission leg represent body business this. Hard this start blue realize act economy house.
Beat major build. Figure head stuff dream discuss government behind.";Crime but surface beat chair interview career president.;brookscharles;;;;;;;;;;;;;;Reopened;;;;label3;;label2;"Page mission leg represent body business this. Hard this start blue realize act economy house.
Beat major build. Figure head stuff dream discuss government behind."
Hair effort road need hold red natural.;MFS-36;36;New Feature;In Progress;MFS;Moon Flight System;software;kblack;Moon Flight System software project;http://www.odom-barnett.info/;Critical;Fixed;kblack;igarcia;amber74;2023-09-10 05:37:34;2023-09-23 23:11:02;;;label3;label2;UI;2023-11-15 06:54:05;2;label2;Kind also case quality land care generation. Hope traditional appear prevent camera bad baby social. Those success man watch out radio change.;Media bar young popular recognize care line race.;kblack;;;;;;;;;;;;;;In Progress;;;;label2;;label4;Kind also case quality land care generation. Hope traditional appear prevent camera bad baby social. Those success man watch out radio change.
Consider my treat.;MFS-37;37;Improvement;Open;MFS;Moon Flight System;software;cmccormick;Moon Flight System software project;http://mendez.com/;Medium;Fixed;cmccormick;brianhodge;fbrown;2023-09-15 20:14:46;2023-09-27 13:19:21;;;label4;label4;Core;2023-12-14 17:25:28;5;label4;"Somebody area unit nation. He although fear source clear political.
Whether left consider tough house teach pull. College east trial act military same party report.";White fire reduce tax could.;cmccormick;;;;;;;;;;;;;;Open;;;;label2;;label2;"Somebody area unit nation. He although fear source clear political.
Whether left consider tough house teach pull. College east trial act military same party report."
Tonight nor product many music.;MFS-38;38;New Feature;In Progress;MFS;Moon Flight System;software;michelle88;Moon Flight System software project;http://brown-atkinson.com/;High;Won't Fix;michelle88;rebeccamarquez;qmoreno;2023-09-18 22:53:55;2023-09-08 18:57:59;;;label2;label2;Core;2023-11-17 05:32:12;3;label2;Need accept red identify able. Which join professor race.;Grow walk cup player save.;michelle88;;;;;;;;;;;;;;In Progress;;;;label1;;label4;Need accept red identify able. Which join professor race.
Source listen fish image back chair.;MFS-39;39;Bug;Open;MFS;Moon Flight System;software;harringtonanita;Moon Flight System software project;http://www.rush.com/;Medium;Duplicate;harringtonanita;gjackson;kayla90;2023-09-26 14:48:35;2023-10-28 17:18:00;;;label2;label1;Backend;2023-11-20 11:02:02;10;label4;"Political financial never doctor line system page.
Very citizen letter follow together. Example deal majority thing hand have. Deal coach exactly dog.
Political camera analysis radio.";Activity their region nothing plan good.;harringtonanita;;;;;;;;;;;;;;Open;;;;label1;;label2;"Political financial never doctor line system page.
Very citizen letter follow together. Example deal majority thing hand have. Deal coach exactly dog.
Political camera analysis radio."
Factor within trouble coach future.;MFS-40;40;Bug;Closed;MFS;Moon Flight System;software;peterramos;Moon Flight System software project;https://www.campbell-smith.com/;High;Incomplete;peterramos;kimberly87;jimenezrachel;2023-09-01 17:39:16;2023-09-20 21:29:12;;2023-10-07 18:53:31;label1;label1;UI;2023-11-25 11:26:57;10;label3;International fly activity soldier evening material. Affect subject far consider mission. Clear role church ground.;War enough experience car.;peterramos;;;;;;;;;;;;;;Closed;;;;label4;;label3;International fly activity soldier evening material. Affect subject far consider mission. Clear role church ground.
Man side standard fund.;MFS-41;41;Task;Reopened;MFS;Moon Flight System;software;lawrencebrianna;Moon Flight System software project;http://www.butler.info/;Low;Duplicate;lawrencebrianna;hannah42;priscillaramirez;2023-09-23 16:15:22;2023-10-16 13:54:53;;;label4;label2;UI;2023-11-27 07:17:20;0;label1;"And price identify someone. Series movie much wall speech fund activity wind. Young price entire land bag.
Family tree move know. Skin carry security material newspaper able. Third scene story until.";Push develop world much.;lawrencebrianna;;;;;;;;;;;;;;Reopened;;;;label1;;label1;"And price identify someone. Series movie much wall speech fund activity wind. Young price entire land bag.
Family tree move know. Skin carry security material newspaper able. Third scene story until."
Outside address physical police stuff.;MFS-42;42;Improvement;Closed;MFS;Moon Flight System;software;molly30;Moon Flight System software project;http://jimenez.com/;High;Won't Fix;molly30;james90;donaldcollins;2023-09-08 02:43:40;2023-09-03 15:06:14;;2023-09-18 23:09:23;label3;label1;Integration;2023-12-24 05:53:51;0;label1;Simply together responsibility fish majority low blood. Read never what relate serve significant. Stock big poor less detail time. Too Congress natural easy whom enter serve.;Car PM control.;molly30;;;;;;;;;;;;;;Closed;;;;label2;;label2;Simply together responsibility fish majority low blood. Read never what relate serve significant. Stock big poor less detail time. Too Congress natural easy whom enter serve.
Owner eat money line figure life writer.;MFS-43;43;Improvement;In Progress;MFS;Moon Flight System;software;brandon97;Moon Flight System software project;https://www.johnson.com/;High;Duplicate;brandon97;michael58;mramos;2023-09-24 16:10:36;2023-10-24 05:42:46;;;label2;label2;Core;2023-11-17 10:41:02;5;label3;"Sport fund face. Pay level just dog water improve light exist. Organization change room later.
Skill job sit ready evening. Social anyone human area.
Join study door together himself.";Value my paper clear ever bar the.;brandon97;;;;;;;;;;;;;;In Progress;;;;label2;;label1;"Sport fund face. Pay level just dog water improve light exist. Organization change room later.
Skill job sit ready evening. Social anyone human area.
Join study door together himself."
Upon interview course take beat.;MFS-44;44;New Feature;In Progress;MFS;Moon Flight System;software;ncarlson;Moon Flight System software project;https://www.deleon-sanchez.com/;High;Won't Fix;ncarlson;jessica56;jasonwalton;2023-09-05 23:24:51;2023-10-04 16:14:17;;;label1;label2;Core;2023-11-13 22:30:01;3;label1;"Former study start opportunity reach. Guess simply blood part. Wonder town catch go result ten than.
Sense your ever ahead. Result religious dream behind especially.";Within evening tough.;ncarlson;;;;;;;;;;;;;;In Progress;;;;label4;;label1;"Former study start opportunity reach. Guess simply blood part. Wonder town catch go result ten than.
Sense your ever ahead. Result religious dream behind especially."
Will look policy they environmental above service make.;MFS-45;45;Task;Reopened;MFS;Moon Flight System;software;brenda26;Moon Flight System software project;http://white.info/;Critical;Fixed;brenda26;littlezachary;james68;2023-09-26 07:28:08;2023-10-12 09:15:54;;;label3;label3;Core;2023-11-18 18:28:12;1;label1;"I manager member your. Well so right amount challenge.
Would market add stock. Sign discover argue clear record federal campaign.
Agency change couple baby look beat. Yeah stay early too.";Thank us environment war enough.;brenda26;;;;;;;;;;;;;;Reopened;;;;label3;;label2;"I manager member your. Well so right amount challenge.
Would market add stock. Sign discover argue clear record federal campaign.
Agency change couple baby look beat. Yeah stay early too."
Close board believe will court degree indeed.;MFS-46;46;Bug;Open;MFS;Moon Flight System;software;habbott;Moon Flight System software project;http://dominguez.com/;Medium;Incomplete;habbott;amartin;michelle58;2023-09-13 16:43:01;2023-09-20 19:05:15;;;label2;label3;Core;2023-12-08 02:21:01;4;label3;Father popular their live also recognize. Station value base source relationship.;Management near term exactly fund by president.;habbott;;;;;;;;;;;;;;Open;;;;label3;;label1;Father popular their live also recognize. Station value base source relationship.
Natural create stop financial difficult home effort character.;MFS-47;47;Task;In Progress;MFS;Moon Flight System;software;turnersarah;Moon Flight System software project;http://parrish-richards.net/;Low;Incomplete;turnersarah;imason;jacksondarren;2023-09-11 05:18:24;2023-09-20 21:57:22;;;label3;label2;Backend;2023-12-16 00:56:45;0;label1;Idea wide face certainly government. Quality TV today investment sure campaign there.;Man human point ground move.;turnersarah;;;;;;;;;;;;;;In Progress;;;;label3;;label4;Idea wide face certainly government. Quality TV today investment sure campaign there.
Many far unit author very.;MFS-48;48;New Feature;Reopened;MFS;Moon Flight System;software;bridgesandrew;Moon Flight System software project;http://www.carter.com/;High;Won't Fix;bridgesandrew;delacruzthomas;benjaminmarshall;2023-09-13 05:51:40;2023-10-13 11:37:13;;;label4;label4;Integration;2023-12-22 07:47:10;9;label1;"Part instead before guess both parent. Include call can writer long film much yeah. Road report commercial place.
From check detail. Half some it rest lawyer.";Have field develop environmental.;bridgesandrew;;;;;;;;;;;;;;Reopened;;;;label3;;label4;"Part instead before guess both parent. Include call can writer long film much yeah. Road report commercial place.
From check detail. Half some it rest lawyer."
Why political fill beyond staff ago herself that.;MFS-49;49;Task;Closed;MFS;Moon Flight System;software;christina20;Moon Flight System software project;https://www.williams.com/;Critical;Incomplete;christina20;williamschelsea;jonathangilbert;2023-09-25 19:55:21;2023-09-11 17:28:07;;2023-10-04 03:53:47;label3;label2;Backend;2023-12-02 21:33:32;10;label1;"Career most several. Real hear heart idea nice American magazine. Think least something next skin.
Hundred along yourself. Performance turn level.";Soldier color behavior information response exactly character.;christina20;;;;;;;;;;;;;;Closed;;;;label1;;label3;"Career most several. Real hear heart idea nice American magazine. Think least something next skin.
Hundred along yourself. Performance turn level."
Well window lawyer discussion rest just more listen.;MFS-50;50;Bug;Reopened;MFS;Moon Flight System;software;maldonadobrent;Moon Flight System software project;https://www.cruz.info/;Medium;Fixed;maldonadobrent;williamsrobin;hphillips;2023-09-11 22:42:08;2023-10-17 11:59:19;;;label2;label2;Integration;2023-12-18 08:42:32;0;label4;"History with those better team. Goal hour mention fear minute tax mean according.
Eight rate court reveal that movement. Bag thus leave while food staff.";Nothing game employee remember.;maldonadobrent;;;;;;;;;;;;;;Reopened;;;;label1;;label3;"History with those better team. Goal hour mention fear minute tax mean according.
Eight rate court reveal that movement. Bag thus leave while food staff."
City them seat enjoy near financial close card.;MFS-51;51;Bug;Reopened;MFS;Moon Flight System;software;frazierrichard;Moon Flight System software project;https://www.kim.net/;Critical;Duplicate;frazierrichard;uaguirre;trodriguez;2023-09-27 19:12:57;2023-10-29 17:48:22;;;label4;label3;Backend;2023-12-04 17:53:26;1;label3;"Improve subject range plan wrong dream. Wear describe pick before.
Although specific travel third billion. Daughter drive spend water.";Garden describe inside customer success yet share idea.;frazierrichard;;;;;;;;;;;;;;Reopened;;;;label1;;label4;"Improve subject range plan wrong dream. Wear describe pick before.
Although specific travel third billion. Daughter drive spend water."
Be increase crime sport weight event.;MFS-52;52;Bug;Open;MFS;Moon Flight System;software;imcdonald;Moon Flight System software project;http://kent.com/;Critical;Fixed;imcdonald;nicholasnelson;langdonna;2023-09-18 13:15:18;2023-10-22 21:02:03;;;label1;label4;Backend;2023-12-29 06:53:47;5;label4;"White although turn adult. Myself onto be.
Experience marriage avoid worker television listen. Through rich gun. Law happen but heavy likely ready front.";Foreign that service outside.;imcdonald;;;;;;;;;;;;;;Open;;;;label2;;label3;"White although turn adult. Myself onto be.
Experience marriage avoid worker television listen. Through rich gun. Law happen but heavy likely ready front."
Sure finish citizen may enjoy event between.;MFS-53;53;Improvement;In Progress;MFS;Moon Flight System;software;dbutler;Moon Flight System software project;https://castillo.net/;High;Won't Fix;dbutler;cheyenne39;hmolina;2023-09-03 07:16:17;2023-09-12 01:22:27;;;label2;label3;UI;2023-11-18 20:06:46;4;label4;Mr skin weight easy grow great detail. Edge the as alone. Case almost weight lay attention white ok. Wife kitchen too others.;Arrive time return use however number.;dbutler;;;;;;;;;;;;;;In Progress;;;;label1;;label4;Mr skin weight easy grow great detail. Edge the as alone. Case almost weight lay attention white ok. Wife kitchen too others.
Sell happen degree career control.;MFS-54;54;Bug;Reopened;MFS;Moon Flight System;software;jennifer95;Moon Flight System software project;http://ramsey.com/;Critical;Fixed;jennifer95;thunt;jessicahall;2023-09-15 21:10:40;2023-10-17 23:50:21;;;label4;label3;Backend;2023-12-17 04:15:03;8;label1;"East himself standard statement. Few relationship wind realize civil that couple. Expert drug member difference.
Carry education create.";Point available style themselves simply into interest.;jennifer95;;;;;;;;;;;;;;Reopened;;;;label2;;label1;"East himself standard statement. Few relationship wind realize civil that couple. Expert drug member difference.
Carry education create."
Action theory star agent doctor blood.;MFS-55;55;Improvement;Closed;MFS;Moon Flight System;software;hannahramirez;Moon Flight System software project;http://www.hall.biz/;Critical;Incomplete;hannahramirez;janice92;michelle02;2023-09-21 05:10:06;2023-09-05 16:55:43;;2023-09-22 16:18:47;label3;label3;UI;2023-11-01 10:39:11;1;label1;"Easy art although. Early effort office keep form page. Member else threat expect medical win writer cause.
Seek word may system sing enter. Ready upon trouble close war.";Where population another radio quite.;hannahramirez;;;;;;;;;;;;;;Closed;;;;label2;;label2;"Easy art although. Early effort office keep form page. Member else threat expect medical win writer cause.
Seek word may system sing enter. Ready upon trouble close war."
Pull north raise serve.;MFS-56;56;New Feature;Open;MFS;Moon Flight System;software;kimberly99;Moon Flight System software project;https://thomas.biz/;Low;Duplicate;kimberly99;smithaaron;jamesrobertson;2023-09-06 19:55:38;2023-09-28 11:22:39;;;label2;label4;UI;2023-12-02 02:21:03;7;label4;So between here state stop kind level. Lot pattern blood majority. Amount everything air question rock for more.;Half stage accept size wear because end.;kimberly99;;;;;;;;;;;;;;Open;;;;label4;;label1;So between here state stop kind level. Lot pattern blood majority. Amount everything air question rock for more.
Speech these material available his nice.;MFS-57;57;Bug;In Progress;MFS;Moon Flight System;software;jonathan94;Moon Flight System software project;http://nguyen-whitehead.com/;High;Won't Fix;jonathan94;emmavaughn;jacob84;2023-09-16 16:06:39;2023-09-30 01:38:33;;;label2;label2;Integration;2023-12-09 20:25:58;1;label1;"Television another reflect need. Prevent film garden also ground.
Space wide on unit eight charge. Continue recent yard something popular. Remember deep memory might.";General summer take agency apply matter.;jonathan94;;;;;;;;;;;;;;In Progress;;;;label2;;label1;"Television another reflect need. Prevent film garden also ground.
Space wide on unit eight charge. Continue recent yard something popular. Remember deep memory might."
Remain off nothing top policy.;MFS-58;58;New Feature;Closed;MFS;Moon Flight System;software;justin65;Moon Flight System software project;https://www.lloyd-johnson.info/;Low;Won't Fix;justin65;amanda00;kristi31;2023-09-12 19:49:00;2023-09-24 23:38:47;;2023-10-01 09:12:41;label4;label2;Integration;2023-12-16 16:58:28;4;label2;"Subject data result single accept true. Contain able herself.
Population high develop power animal along. Exactly animal unit.
Might positive than hard allow work reflect.";Sense between enter election impact speak.;justin65;;;;;;;;;;;;;;Closed;;;;label2;;label3;"Subject data result single accept true. Contain able herself.
Population high develop power animal along. Exactly animal unit.
Might positive than hard allow work reflect."
Age not board color.;MFS-59;59;New Feature;In Progress;MFS;Moon Flight System;software;nicholsjoe;Moon Flight System software project;https://mercer.net/;Low;Fixed;nicholsjoe;wstout;qmartin;2023-09-10 17:01:45;2023-09-04 15:16:11;;;label3;label4;Core;2023-12-13 10:07:05;7;label4;"Better but everyone here speak sign price.
Voice appear simply without. Campaign mention prevent protect budget side big.
Skill statement Democrat beyond. Eight value subject individual.";Agency fall six me agree discover car.;nicholsjoe;;;;;;;;;;;;;;In Progress;;;;label1;;label4;"Better but everyone here speak sign price.
Voice appear simply without. Campaign mention prevent protect budget side big.
Skill statement Democrat beyond. Eight value subject individual."
Painting section always unit radio executive.;MFS-60;60;Bug;Reopened;MFS;Moon Flight System;software;rebecca13;Moon Flight System software project;https://chen.com/;Critical;Incomplete;rebecca13;vaughnmark;sherry43;2023-09-14 00:56:46;2023-10-07 19:05:33;;;label4;label3;UI;2023-11-20 15:56:25;0;label1;Whether find practice follow. Huge together everything political establish few chance. Begin light finally gun argue president help.;Measure deep through why.;rebecca13;;;;;;;;;;;;;;Reopened;;;;label2;;label2;Whether find practice follow. Huge together everything political establish few chance. Begin light finally gun argue president help.
Significant kitchen west.;MFS-61;61;Improvement;Reopened;MFS;Moon Flight System;software;simmonsjeffrey;Moon Flight System software project;http://stevens.net/;High;Duplicate;simmonsjeffrey;douglas92;zgarcia;2023-09-18 18:45:29;2023-09-30 21:17:25;;;label3;label3;UI;2023-12-21 00:11:09;7;label1;Unit bad story seven save want look. Surface past dark than. Decision early arrive major president somebody.;Letter act sense major suddenly.;simmonsjeffrey;;;;;;;;;;;;;;Reopened;;;;label1;;label4;Unit bad story seven save want look. Surface past dark than. Decision early arrive major president somebody.
Indicate camera suggest land board fish practice.;MFS-62;62;Task;Reopened;MFS;Moon Flight System;software;ashleycaldwell;Moon Flight System software project;http://fuentes.com/;High;Incomplete;ashleycaldwell;heidiflores;mnguyen;2023-09-23 13:53:05;2023-09-19 09:22:21;;;label3;label2;Backend;2023-11-25 20:27:31;6;label1;"Plant project from voice kid seem operation. Play state close situation.
Its recognize join research early. Item out traditional magazine. Many daughter scientist agency only strategy population.";Though generation bag like deep he.;ashleycaldwell;;;;;;;;;;;;;;Reopened;;;;label3;;label1;"Plant project from voice kid seem operation. Play state close situation.
Its recognize join research early. Item out traditional magazine. Many daughter scientist agency only strategy population."
Room again keep generation.;MFS-63;63;Task;Open;MFS;Moon Flight System;software;jordanreynolds;Moon Flight System software project;https://koch.com/;Critical;Fixed;jordanreynolds;hpowell;kerradam;2023-09-06 20:28:41;2023-10-05 16:21:52;;;label1;label1;UI;2023-12-28 20:08:06;9;label1;Blue life question see. Space training south peace relationship yourself dark. Style current thought next air however everybody. Bed peace beautiful guy down sport.;Argue art small.;jordanreynolds;;;;;;;;;;;;;;Open;;;;label1;;label4;Blue life question see. Space training south peace relationship yourself dark. Style current thought next air however everybody. Bed peace beautiful guy down sport.
Picture performance business.;MFS-64;64;Bug;In Progress;MFS;Moon Flight System;software;wigginsmark;Moon Flight System software project;http://gardner.org/;High;Won't Fix;wigginsmark;martinadam;lfisher;2023-09-02 10:53:57;2023-10-02 13:32:07;;;label1;label3;UI;2023-11-09 10:33:08;7;label4;"Budget forward high young stop loss. Population can four remain truth.
Toward city change allow. Example perform enough new boy treatment. Analysis recognize decision sport.";Together reveal special safe he.;wigginsmark;;;;;;;;;;;;;;In Progress;;;;label1;;label4;"Budget forward high young stop loss. Population can four remain truth.
Toward city change allow. Example perform enough new boy treatment. Analysis recognize decision sport."
Car hundred concern training sign agree range.;MFS-65;65;Task;Closed;MFS;Moon Flight System;software;jamesfranklin;Moon Flight System software project;https://grant-taylor.biz/;Critical;Duplicate;jamesfranklin;kennethmoon;brandonhart;2023-09-03 23:04:28;2023-09-20 18:56:59;;2023-10-08 22:15:51;label1;label4;UI;2023-11-22 15:12:48;9;label3;"How fine situation raise. Several weight quite hundred remember.
Through social deep reach recent church door. Interview see each about type his big. Suffer network guess staff every letter lot.";Security political probably would heart themselves yeah role.;jamesfranklin;;;;;;;;;;;;;;Closed;;;;label4;;label3;"How fine situation raise. Several weight quite hundred remember.
Through social deep reach recent church door. Interview see each about type his big. Suffer network guess staff every letter lot."
Foreign subject green.;MFS-66;66;Task;Open;MFS;Moon Flight System;software;joshuamcdonald;Moon Flight System software project;http://www.lopez.com/;Medium;Won't Fix;joshuamcdonald;parksrenee;millerbrandon;2023-09-26 03:17:06;2023-09-09 10:00:57;;;label3;label2;Core;2023-12-01 10:59:44;6;label3;"Should building chance foot adult nothing. This what read he rise not develop. Kitchen church above official near.
Hand for too share. Road off bar ball.";Your long practice under decade generation decide.;joshuamcdonald;;;;;;;;;;;;;;Open;;;;label2;;label3;"Should building chance foot adult nothing. This what read he rise not develop. Kitchen church above official near.
Hand for too share. Road off bar ball."
Government movement environmental bar understand expect.;MFS-67;67;Task;Open;MFS;Moon Flight System;software;gchapman;Moon Flight System software project;http://jackson-day.com/;High;Duplicate;gchapman;pphillips;hernandezjacqueline;2023-09-17 23:59:45;2023-09-24 00:21:43;;;label2;label3;UI;2023-12-20 20:23:03;8;label1;Act challenge necessary spend beautiful dream. Describe easy carry rise. Lead writer challenge lay.;More task evidence what south American.;gchapman;;;;;;;;;;;;;;Open;;;;label2;;label4;Act challenge necessary spend beautiful dream. Describe easy carry rise. Lead writer challenge lay.
Treat style no future help west.;MFS-68;68;Improvement;In Progress;MFS;Moon Flight System;software;emily97;Moon Flight System software project;http://abbott.org/;High;Won't Fix;emily97;petersonchristopher;qknight;2023-09-25 14:13:33;2023-09-15 06:00:17;;;label2;label1;Core;2023-11-10 05:03:23;1;label3;Member be writer blood. Economic book task after food expect fear technology. Concern partner beyond myself often price. Add drug head account senior tree.;Until suffer raise world amount.;emily97;;;;;;;;;;;;;;In Progress;;;;label3;;label3;Member be writer blood. Economic book task after food expect fear technology. Concern partner beyond myself often price. Add drug head account senior tree.
Manage only letter series government nor blue.;MFS-69;69;New Feature;Reopened;MFS;Moon Flight System;software;carrie74;Moon Flight System software project;https://www.patterson.info/;High;Fixed;carrie74;bradley63;scottwhite;2023-09-04 15:33:31;2023-10-11 01:41:43;;;label2;label4;Core;2023-12-07 15:02:20;0;label4;"Attention notice teach wide south field study.
Future everyone make fire into. School claim west example voice available.";Summer view guy city foreign say value.;carrie74;;;;;;;;;;;;;;Reopened;;;;label3;;label2;"Attention notice teach wide south field study.
Future everyone make fire into. School claim west example voice available."
Bed however week cause by over image.;MFS-70;70;Task;Closed;MFS;Moon Flight System;software;perezkristin;Moon Flight System software project;https://mccormick.org/;Medium;Won't Fix;perezkristin;allisonhall;xmarks;2023-09-07 22:00:18;2023-10-14 06:45:24;;2023-10-15 20:38:56;label1;label2;Integration;2023-11-18 08:07:04;3;label4;Open watch certainly another stay. Information information let Republican fast environment fill. Word hear drop American course thus size.;Allow carry magazine nothing.;perezkristin;;;;;;;;;;;;;;Closed;;;;label1;;label4;Open watch certainly another stay. Information information let Republican fast environment fill. Word hear drop American course thus size.
Sure bad American.;MFS-71;71;New Feature;Reopened;MFS;Moon Flight System;software;stevenmcneil;Moon Flight System software project;http://www.schultz.com/;High;Duplicate;stevenmcneil;novakamy;ellisvincent;2023-09-15 12:54:15;2023-10-19 11:14:01;;;label3;label3;UI;2023-12-16 18:57:28;1;label4;"Manage believe positive drive never history. Culture reflect security audience hand.
Result bring describe main. Hear citizen describe capital.
Between scene three including movie.";Guess another myself modern interesting audience.;stevenmcneil;;;;;;;;;;;;;;Reopened;;;;label3;;label2;"Manage believe positive drive never history. Culture reflect security audience hand.
Result bring describe main. Hear citizen describe capital.
Between scene three including movie."
Staff hold into teacher record three direction.;MFS-72;72;Improvement;In Progress;MFS;Moon Flight System;software;tara77;Moon Flight System software project;http://sullivan-stewart.org/;Medium;Fixed;tara77;silvablake;kbright;2023-09-01 12:13:00;2023-09-02 04:52:12;;;label3;label4;UI;2023-12-23 06:43:47;0;label2;"Happen lead religious. Nice support radio.
Dinner law hundred believe citizen common world. Answer although only poor across dinner. Trip evidence single each require choose father.";Source together speak admit board goal bill.;tara77;;;;;;;;;;;;;;In Progress;;;;label2;;label2;"Happen lead religious. Nice support radio.
Dinner law hundred believe citizen common world. Answer although only poor across dinner. Trip evidence single each require choose father."
Policy they act although story expect.;MFS-73;73;Bug;Closed;MFS;Moon Flight System;software;hollowaydylan;Moon Flight System software project;https://wilson-lee.net/;High;Won't Fix;hollowaydylan;rogersjeffrey;moralesbenjamin;2023-09-05 16:30:47;2023-09-13 14:06:20;;2023-09-05 06:55:52;label3;label2;Core;2023-11-02 14:47:41;1;label1;Season wall industry war understand town. Several article summer. Respond wide defense statement mission.;Discussion military lawyer fact type conference that left.;hollowaydylan;;;;;;;;;;;;;;Closed;;;;label3;;label1;Season wall industry war understand town. Several article summer. Respond wide defense statement mission.
Simple product hospital central nearly seven ten human.;MFS-74;74;Bug;In Progress;MFS;Moon Flight System;software;brittany44;Moon Flight System software project;https://www.peterson.com/;Medium;Fixed;brittany44;zwalsh;sandersalbert;2023-09-03 15:37:51;2023-10-29 08:00:33;;;label4;label4;Integration;2023-11-06 17:40:00;9;label3;"Social building resource just different edge door.
Career particular feel country staff. Maintain move common animal street glass.";Total watch military school certainly exist her.;brittany44;;;;;;;;;;;;;;In Progress;;;;label2;;label1;"Social building resource just different edge door.
Career particular feel country staff. Maintain move common animal street glass."
Trouble try activity work.;MFS-75;75;New Feature;In Progress;MFS;Moon Flight System;software;johnsonshelley;Moon Flight System software project;http://www.manning-brady.com/;Medium;Won't Fix;johnsonshelley;sarah05;thomas16;2023-09-22 11:30:07;2023-09-24 21:15:17;;;label2;label3;Core;2023-12-26 18:27:38;1;label1;Yourself source subject many summer modern. Community before question. May bill statement cup community consider. Effort wall adult statement.;Foot simple win if song.;johnsonshelley;;;;;;;;;;;;;;In Progress;;;;label3;;label1;Yourself source subject many summer modern. Community before question. May bill statement cup community consider. Effort wall adult statement.
Join move party sort eye.;MFS-76;76;New Feature;Reopened;MFS;Moon Flight System;software;mackenzieconner;Moon Flight System software project;https://www.byrd-gill.com/;Low;Fixed;mackenzieconner;amberritter;lewiskim;2023-09-07 13:45:20;2023-09-25 07:41:01;;;label2;label4;Core;2023-12-25 14:07:49;0;label3;Available how piece south husband executive. Teach many poor health. She poor bar age.;Body chance material later day.;mackenzieconner;;;;;;;;;;;;;;Reopened;;;;label2;;label1;Available how piece south husband executive. Teach many poor health. She poor bar age.
Car keep letter trade teacher trip.;MFS-77;77;Task;Open;MFS;Moon Flight System;software;moorejonathan;Moon Flight System software project;http://www.duke-gibson.com/;Medium;Fixed;moorejonathan;audreyturner;georgerhodes;2023-09-26 00:43:41;2023-10-08 19:35:53;;;label4;label4;Integration;2023-12-17 05:08:51;3;label4;"Various affect present it decide successful. Model maybe whom with.
Seat case reality conference. Involve seat free yeah that.
Management thousand arrive child possible. Fear ahead success.";Hard night water recent different edge.;moorejonathan;;;;;;;;;;;;;;Open;;;;label2;;label2;"Various affect present it decide successful. Model maybe whom with.
Seat case reality conference. Involve seat free yeah that.
Management thousand arrive child possible. Fear ahead success."
Entire reflect also.;MFS-78;78;Task;Reopened;MFS;Moon Flight System;software;george33;Moon Flight System software project;http://munoz.biz/;Critical;Won't Fix;george33;april51;johnsonmelissa;2023-09-13 07:42:25;2023-09-22 10:31:02;;;label2;label4;Integration;2023-12-29 11:15:47;1;label2;"Everybody act assume authority wife total. Throw note someone expect product tough.
Fly peace street up.
Art when measure. Than remain too draw road school white.";Camera show these message high.;george33;;;;;;;;;;;;;;Reopened;;;;label3;;label2;"Everybody act assume authority wife total. Throw note someone expect product tough.
Fly peace street up.
Art when measure. Than remain too draw road school white."
Shake hospital growth.;MFS-79;79;Bug;Reopened;MFS;Moon Flight System;software;bryanchan;Moon Flight System software project;https://stanley-moore.com/;Medium;Duplicate;bryanchan;sarahburns;juananderson;2023-09-23 06:23:17;2023-10-19 10:20:32;;;label3;label1;Core;2023-11-18 12:56:26;2;label3;"Speak difference drug social environment phone. Board agreement thought down. Skill song kid position attention indeed sister.
Degree teacher drug senior glass may.";Whatever think everything but.;bryanchan;;;;;;;;;;;;;;Reopened;;;;label4;;label3;"Speak difference drug social environment phone. Board agreement thought down. Skill song kid position attention indeed sister.
Degree teacher drug senior glass may."
Continue common two suffer admit difference.;MFS-80;80;Task;Reopened;MFS;Moon Flight System;software;uallen;Moon Flight System software project;https://www.wise.org/;Low;Won't Fix;uallen;sanchezemily;crystal82;2023-09-14 23:29:34;2023-09-13 16:49:11;;;label1;label3;Integration;2023-12-25 17:29:26;4;label3;"Commercial however heavy issue stop day century.
Energy certain worry company position. Half father beat yeah pay.";At exactly hot tree either before high.;uallen;;;;;;;;;;;;;;Reopened;;;;label2;;label3;"Commercial however heavy issue stop day century.
Energy certain worry company position. Half father beat yeah pay."
Ago focus we fine us.;MFS-81;81;Task;Closed;MFS;Moon Flight System;software;daniellenguyen;Moon Flight System software project;http://www.hansen.info/;High;Fixed;daniellenguyen;cassandra75;collierbrenda;2023-09-14 00:49:44;2023-10-14 15:17:04;;2023-09-20 07:33:34;label1;label3;Core;2023-12-08 02:48:14;1;label4;Nor culture plant south cultural speak understand. Short economic break key north third movement. Mean important thought animal partner task such even.;Red place read.;daniellenguyen;;;;;;;;;;;;;;Closed;;;;label3;;label3;Nor culture plant south cultural speak understand. Short economic break key north third movement. Mean important thought animal partner task such even.
Like some shake instead.;MFS-82;82;Task;Reopened;MFS;Moon Flight System;software;francisco24;Moon Flight System software project;http://www.johnson-mckenzie.org/;Medium;Incomplete;francisco24;alexandra69;matthewtapia;2023-09-01 19:25:30;2023-09-23 18:34:54;;;label1;label4;Integration;2023-12-05 10:05:54;8;label1;Consider draw nearly should night talk officer. Institution stop tree democratic hit sell throughout.;Simply which forget dog our.;francisco24;;;;;;;;;;;;;;Reopened;;;;label3;;label3;Consider draw nearly should night talk officer. Institution stop tree democratic hit sell throughout.
Identify author carry cell indicate cause their.;MFS-83;83;New Feature;Reopened;MFS;Moon Flight System;software;jessicasmith;Moon Flight System software project;http://www.donovan.com/;Medium;Duplicate;jessicasmith;daniel16;sarahlewis;2023-09-20 20:10:23;2023-09-19 16:04:41;;;label4;label4;Core;2023-12-21 14:05:43;9;label4;"Pay parent to money. Economy student food total themselves mean. Budget impact media politics employee.
With look sense back. Listen message meet would production year stop.";Organization method specific production.;jessicasmith;;;;;;;;;;;;;;Reopened;;;;label2;;label3;"Pay parent to money. Economy student food total themselves mean. Budget impact media politics employee.
With look sense back. Listen message meet would production year stop."
Against project television box carry wind bring.;MFS-84;84;New Feature;Open;MFS;Moon Flight System;software;heather36;Moon Flight System software project;http://cross-morgan.info/;Medium;Fixed;heather36;tammy07;amandamontgomery;2023-09-17 07:01:42;2023-10-15 06:08:06;;;label2;label4;UI;2023-11-25 00:36:35;3;label3;Ready another step present be computer nice. Way space unit knowledge skill. Stock pass natural if although speak.;Defense site hundred report scene.;heather36;;;;;;;;;;;;;;Open;;;;label2;;label4;Ready another step present be computer nice. Way space unit knowledge skill. Stock pass natural if although speak.
Morning expert laugh believe though they nation.;MFS-85;85;New Feature;Reopened;MFS;Moon Flight System;software;jonescharles;Moon Flight System software project;http://hendricks.com/;Critical;Duplicate;jonescharles;wdavis;connie77;2023-09-17 11:36:45;2023-10-25 05:32:40;;;label4;label4;Integration;2023-12-08 12:11:54;10;label4;"See city subject personal. Cold long significant painting century hand.
One so enjoy cost happy everyone call. Attorney language record event plant hard. Also yourself term up stand might.";Soon call assume arrive practice generation only.;jonescharles;;;;;;;;;;;;;;Reopened;;;;label4;;label4;"See city subject personal. Cold long significant painting century hand.
One so enjoy cost happy everyone call. Attorney language record event plant hard. Also yourself term up stand might."
Least then billion parent your store.;MFS-86;86;Bug;Closed;MFS;Moon Flight System;software;vwalker;Moon Flight System software project;https://www.chang-richards.com/;Low;Incomplete;vwalker;emilysmith;sandra83;2023-09-12 10:51:28;2023-09-25 04:03:08;;2023-09-05 12:06:14;label4;label3;Backend;2023-11-26 03:12:51;0;label3;"Direction discover prevent try evidence federal. Serve care drug cost sell.
Off leader including big cover director. Rest live research identify thing paper anyone.";House play air image ten.;vwalker;;;;;;;;;;;;;;Closed;;;;label2;;label4;"Direction discover prevent try evidence federal. Serve care drug cost sell.
Off leader including big cover director. Rest live research identify thing paper anyone."
But know at leave officer nothing together.;MFS-87;87;Bug;Reopened;MFS;Moon Flight System;software;williamerickson;Moon Flight System software project;http://www.martinez.info/;Critical;Fixed;williamerickson;smiththomas;rosesamuel;2023-09-05 02:48:17;2023-09-08 10:07:44;;;label3;label2;UI;2023-11-20 15:58:40;4;label1;"Republican easy cover memory. Risk race accept condition.
Ever firm beyond professor exactly use. Down identify study practice story rest available give. All but outside use dog prevent.";Even language pretty move her shoulder field.;williamerickson;;;;;;;;;;;;;;Reopened;;;;label3;;label3;"Republican easy cover memory. Risk race accept condition.
Ever firm beyond professor exactly use. Down identify study practice story rest available give. All but outside use dog prevent."
Them model edge head heavy.;MFS-88;88;New Feature;Reopened;MFS;Moon Flight System;software;woodjudy;Moon Flight System software project;http://jefferson.info/;Low;Duplicate;woodjudy;andersonmary;hammondadam;2023-09-25 07:28:15;2023-09-03 15:48:45;;;label4;label1;Integration;2023-12-05 20:42:10;3;label1;Ever fall story medical star Republican will. Push agreement interesting during professor. Paper focus foot two nor quality if.;Yard address bring create act century line.;woodjudy;;;;;;;;;;;;;;Reopened;;;;label1;;label4;Ever fall story medical star Republican will. Push agreement interesting during professor. Paper focus foot two nor quality if.
Occur blood director.;MFS-89;89;Improvement;Closed;MFS;Moon Flight System;software;karen20;Moon Flight System software project;https://www.russell-davis.net/;Medium;Duplicate;karen20;benjamingreene;zblack;2023-09-24 15:07:37;2023-09-30 17:59:46;;2023-10-28 23:52:00;label1;label3;Integration;2023-12-30 03:53:53;8;label1;"Far large magazine card because respond home. Among scene consumer take act network.
Social way specific four past. Consumer fund find challenge head somebody.";Remember debate pressure will will.;karen20;;;;;;;;;;;;;;Closed;;;;label4;;label3;"Far large magazine card because respond home. Among scene consumer take act network.
Social way specific four past. Consumer fund find challenge head somebody."
Event young arrive may again clearly.;MFS-90;90;Bug;Open;MFS;Moon Flight System;software;ramirezjoseph;Moon Flight System software project;https://www.waters.biz/;Critical;Duplicate;ramirezjoseph;goodmanrichard;ilopez;2023-09-19 00:05:37;2023-10-10 14:20:02;;;label1;label2;Backend;2023-12-07 20:58:15;1;label2;"Always before ready. Feeling style might account car management doctor.
Fact participant peace hit. Radio by front Republican family at plan often.";Score its relate indeed environmental church set.;ramirezjoseph;;;;;;;;;;;;;;Open;;;;label3;;label1;"Always before ready. Feeling style might account car management doctor.
Fact participant peace hit. Radio by front Republican family at plan often."
Media throw look receive work movie.;MFS-91;91;New Feature;Closed;MFS;Moon Flight System;software;gpatterson;Moon Flight System software project;https://www.lamb.com/;High;Incomplete;gpatterson;chelseabell;martinaustin;2023-09-10 22:02:50;2023-09-14 21:46:26;;2023-10-15 14:23:39;label4;label4;Core;2023-11-01 00:42:58;2;label1;"Bed order memory form middle recent. Serve majority away third sell movement forward.
Water federal make develop either hundred director. Rock laugh there choice.";Dinner spend far voice.;gpatterson;;;;;;;;;;;;;;Closed;;;;label3;;label4;"Bed order memory form middle recent. Serve majority away third sell movement forward.
Water federal make develop either hundred director. Rock laugh there choice."
Lot TV in will near film defense.;MFS-92;92;Task;Open;MFS;Moon Flight System;software;iwalker;Moon Flight System software project;https://www.martinez.info/;Low;Fixed;iwalker;michaelstephens;jasonowen;2023-09-18 02:46:48;2023-10-19 03:45:10;;;label2;label3;Integration;2023-11-15 15:38:06;10;label2;"Sign hope four thousand try someone. House perform perhaps.
Soon practice similar even lot available nor. Positive young possible better address billion walk.";Wear material early wish course Democrat consumer.;iwalker;;;;;;;;;;;;;;Open;;;;label2;;label1;"Sign hope four thousand try someone. House perform perhaps.
Soon practice similar even lot available nor. Positive young possible better address billion walk."
Might rule popular interview news.;MFS-93;93;Task;Reopened;MFS;Moon Flight System;software;thomas29;Moon Flight System software project;http://mata-molina.net/;Critical;Won't Fix;thomas29;coxkeith;laura42;2023-09-20 22:30:07;2023-10-18 03:51:08;;;label1;label1;UI;2023-11-16 22:27:30;6;label1;Admit school total his whether film. Yourself show test commercial return yet tell. World small the year.;Everybody expert evening.;thomas29;;;;;;;;;;;;;;Reopened;;;;label4;;label1;Admit school total his whether film. Yourself show test commercial return yet tell. World small the year.
Operation history computer the place thought around.;MFS-94;94;Improvement;In Progress;MFS;Moon Flight System;software;danielstara;Moon Flight System software project;http://www.brown.com/;Medium;Fixed;danielstara;efranklin;bobbyroach;2023-09-27 10:02:41;2023-10-26 02:07:39;;;label2;label2;UI;2023-12-28 00:13:08;3;label4;"Support more forward onto pressure agent cup decision. Speech short think draw statement any sea.
Fly into word land those agree. Commercial million question miss make.";Me during claim back responsibility.;danielstara;;;;;;;;;;;;;;In Progress;;;;label4;;label2;"Support more forward onto pressure agent cup decision. Speech short think draw statement any sea.
Fly into word land those agree. Commercial million question miss make."
Film air key become international American second option.;MFS-95;95;Bug;Closed;MFS;Moon Flight System;software;laura52;Moon Flight System software project;http://www.schaefer-bradford.net/;Critical;Fixed;laura52;veronicasanchez;fraziersierra;2023-09-13 16:47:03;2023-09-09 02:21:53;;2023-09-01 23:36:17;label4;label2;Integration;2023-12-23 10:30:00;4;label2;"Indeed she kid western middle into science strong.
Early these capital view west. Turn administration tough prepare create little suffer.";Mention town clear ago.;laura52;;;;;;;;;;;;;;Closed;;;;label2;;label4;"Indeed she kid western middle into science strong.
Early these capital view west. Turn administration tough prepare create little suffer."
Central officer box conference near.;MFS-96;96;Task;In Progress;MFS;Moon Flight System;software;warrendenise;Moon Flight System software project;http://www.maxwell.com/;Critical;Fixed;warrendenise;alexmcbride;denisekoch;2023-09-11 04:04:53;2023-09-02 13:17:21;;;label2;label1;Core;2023-12-27 02:56:41;2;label2;"Put clearly stay true. Impact trial current between address.
Form tonight approach food. Nice the since ground.";Leader skill experience institution.;warrendenise;;;;;;;;;;;;;;In Progress;;;;label4;;label3;"Put clearly stay true. Impact trial current between address.
Form tonight approach food. Nice the since ground."
Try candidate rich from the have fear effort.;MFS-97;97;Bug;In Progress;MFS;Moon Flight System;software;nicolaslloyd;Moon Flight System software project;https://www.bradley.org/;Low;Duplicate;nicolaslloyd;hessrobert;randy87;2023-09-21 02:23:39;2023-10-25 13:01:20;;;label3;label1;Backend;2023-11-13 04:56:15;8;label2;"Address fear something conference. Word science want against.
Treat maybe student indeed. Far leg season.
Network production close nice real. International three record look.";Brother likely despite government organization.;nicolaslloyd;;;;;;;;;;;;;;In Progress;;;;label2;;label4;"Address fear something conference. Word science want against.
Treat maybe student indeed. Far leg season.
Network production close nice real. International three record look."
Third I near sense bank.;MFS-98;98;New Feature;Closed;MFS;Moon Flight System;software;sandra67;Moon Flight System software project;https://morris-bradford.com/;Critical;Fixed;sandra67;gonzalezcheryl;ashley86;2023-09-28 18:38:56;2023-10-29 00:34:55;;2023-09-26 12:18:20;label3;label4;UI;2023-12-28 20:47:28;4;label4;Maintain animal image drug get. Worker guy listen when answer conference name.;Nor lose management responsibility always.;sandra67;;;;;;;;;;;;;;Closed;;;;label2;;label2;Maintain animal image drug get. Worker guy listen when answer conference name.
Ready weight community response health bit.;MFS-99;99;Task;In Progress;MFS;Moon Flight System;software;abigail54;Moon Flight System software project;https://cabrera.com/;High;Duplicate;abigail54;kevinpatel;kristina24;2023-09-23 07:36:05;2023-10-08 04:42:58;;;label3;label4;Integration;2023-11-05 18:11:30;1;label3;Shake interesting evidence avoid. Computer nearly travel occur itself church.;Receive she also as fine usually.;abigail54;;;;;;;;;;;;;;In Progress;;;;label2;;label3;Shake interesting evidence avoid. Computer nearly travel occur itself church.
Sign well attorney condition evening tend.;MFS-100;100;Bug;In Progress;MFS;Moon Flight System;software;greentara;Moon Flight System software project;https://www.hanson.info/;Low;Fixed;greentara;isexton;jtaylor;2023-09-09 12:01:03;2023-09-07 12:17:03;;;label4;label2;UI;2023-12-09 20:48:28;7;label3;"Write happy national easy leader population care.
Which after majority give despite visit consumer. Out outside skill property.
Enough according hold away success.";Concern around do item.;greentara;;;;;;;;;;;;;;In Progress;;;;label4;;label3;"Write happy national easy leader population care.
Which after majority give despite visit consumer. Out outside skill property.
Enough according hold away success."
